fornecedor,valor,descricao,categoria
BDO,472.84,Relatório de contas anual,Serviços de Contabilidade
Publico,163.67,Criação de site e presença online,Publicidade e Marketing
Zurich,679.05,Processamento de salários e recibos verdes,Serviços de Contabilidade
Uber,62.04,Transporte atletas para competição,Transportes e Deslocações
Intersport,226.68,Coletes e fatos de treino,Material Desportivo
NOS,113.64,Bilhetes de comboio campeonato,Transportes e Deslocações
Puma,518.13,Compra de bolas de andebol,Material Desportivo
Intersport,772.3,Compra de bolas de andebol,Material Desportivo
MEO,46.97,Pack comunicações sede do clube,Comunicações
Pinturas Lisboa,114.25,Pintura e remodelação escritório,Manutenção e Reparações
Ageas,885.74,Apólice de seguro responsabilidade civil,Seguros
Sport Zone,699.81,Material de proteção e luvas de guarda-redes,Material Desportivo
Pingo Doce,114.74,Compras supermercado para torneio,Alimentação e Bebidas
Delegado Ferreira,165.33,Inscrição campeonato nacional,Arbitragem e Competições
Vodafone,51.2,Plano de dados móveis equipa técnica,Comunicações
Fnac,943.53,Software de gestão desportiva,Equipamento Informático
KPMG,493.66,Declaração fiscal anual do clube,Serviços de Contabilidade
Repsol,117.08,Portagens deslocação equipa,Transportes e Deslocações
FlixBus,107.3,Combustível deslocação a jogo fora,Transportes e Deslocações
Árbitro Silva,102.94,Período de faturação: janeiro a fevereiro,Água Luz e Gás
Pingo Doce,124.03,Catering jantar de gala do clube,Alimentação e Bebidas
Fixando,370.19,Pintura e remodelação escritório,Manutenção e Reparações
EPAL,160.08,Fatura de gás aquecimento balneários,Água Luz e Gás
Zurich,1456.66,Seguro de saúde equipa técnica,Seguros
Intermarché,226.86,Compras alimentares para evento desportivo,Alimentação e Bebidas
Vodafone,54.95,Fatura telemóvel treinador,Comunicações
Lenovo,1534.03,Monitor e periféricos computador,Equipamento Informático
Microsoft,650.7,Tablet para gestão de treinos,Equipamento Informático
Mercadona,98.71,Água e bebidas isotónicas treinos,Alimentação e Bebidas
Electricista Costa,311.51,Substituição de equipamentos danificados,Manutenção e Reparações
Árbitro Costa,163.74,Taxa de participação torneio,Arbitragem e Competições
Pinturas Lisboa,316.27,Pintura e remodelação escritório,Manutenção e Reparações
Rentalhas,144.4,Combustível viagem torneio nacional,Transportes e Deslocações
Serralharia Norte,274.24,Arranjo de portões e vedações,Manutenção e Reparações
NOWO,45.85,Serviço de internet banda larga,Comunicações
CP Comboios,107.25,Transporte atletas para competição,Transportes e Deslocações
Nike,480.52,Aquisição de redes para baliza,Material Desportivo
Uber,16.14,Bilhetes de comboio campeonato,Transportes e Deslocações
Lenovo,668.67,Compra de portátil para escritório,Equipamento Informático
Fixando,202.11,Substituição de equipamentos danificados,Manutenção e Reparações
HP,477.67,Impressora para secretaria do clube,Equipamento Informático
Contabilidade Silva & Associados,353.26,Declaração fiscal anual do clube,Serviços de Contabilidade
Asics,160.19,Sapatos e sapatilhas de andebol,Material Desportivo
BDO,252.71,Serviços de contabilidade mensal,Serviços de Contabilidade
Design Studio,233.21,Impressão de cartazes e banners,Publicidade e Marketing
Iberdrola,217.77,Fornecimento de energia elétrica pavilhão,Água Luz e Gás
Intermarché,165.42,Refeições pós-jogo para atletas,Alimentação e Bebidas
NOWO,62.27,Mensalidade internet e telefone,Comunicações
El Corte Inglés,157.71,Catering jantar de gala do clube,Alimentação e Bebidas
Generali,603.94,Seguro de saúde equipa técnica,Seguros
Allianz,974.3,Seguro de saúde equipa técnica,Seguros
BDO,259.28,Relatório de contas anual,Serviços de Contabilidade
Árbitro Silva,115.49,Custos organização jogo oficial,Arbitragem e Competições
Delegado Ferreira,287.04,Pagamento de árbitros jogo casa,Arbitragem e Competições
Nike,311.23,Pintura e remodelação escritório,Manutenção e Reparações
EDP,169.63,Consumo de eletricidade pavilhão desportivo,Água Luz e Gás
Lenovo,1016.99,Compra de portátil para escritório,Equipamento Informático
Endesa Energia,154.11,Período de faturação: outubro a novembro,Água Luz e Gás
BP,68.75,Aluguer de autocarro para viagem,Transportes e Deslocações
KPMG,485.1,Processamento de salários e recibos verdes,Serviços de Contabilidade
Zurich,531.43,Seguro de equipamentos e material,Seguros
Contabilidade Silva & Associados,576.56,Declaração fiscal anual do clube,Serviços de Contabilidade
Fnac,1795.04,Software de gestão desportiva,Equipamento Informático
Endesa,259.69,Fornecimento de energia elétrica pavilhão,Água Luz e Gás
Associação Regional de Andebol,112.97,Custos organização jogo oficial,Arbitragem e Competições
Tranquilidade,912.95,Seguro de saúde equipa técnica,Seguros
Nike,368.94,Equipamento de treino para atletas,Material Desportivo
Associação Regional de Andebol,99.81,Inscrição campeonato nacional,Arbitragem e Competições
Contabilidade Silva & Associados,403.7,Serviços de contabilidade mensal,Serviços de Contabilidade
Árbitro Silva,221.01,Pagamento de árbitros jogo casa,Arbitragem e Competições
NOS,69.24,Fatura telefonia fixa mensal,Comunicações
Pingo Doce,60.44,Refeições pós-jogo para atletas,Alimentação e Bebidas
Iberdrola,35.04,Serviço de internet banda larga,Comunicações
Associação Regional de Andebol,382.58,Inscrição campeonato nacional,Arbitragem e Competições
Gráfica Central,405.42,Patrocínio e materiais de merchandising,Publicidade e Marketing
Sport Zone,418.28,Material de proteção e luvas de guarda-redes,Material Desportivo
Sport Zone,338.11,Compra de sacos de desporto e mochilas,Material Desportivo
Fidelidade,1553.61,Seguro de saúde equipa técnica,Seguros
El Corte Inglés,104.5,Água e bebidas isotónicas treinos,Alimentação e Bebidas
Fixando,269.47,Reparação canalização balneários,Manutenção e Reparações
Serralharia Norte,272.01,Reparação balneários instalações,Manutenção e Reparações
Delegado Ferreira,205.67,Taxa de participação torneio,Arbitragem e Competições
BP,140.69,Táxi ou uber após jogo tardio,Transportes e Deslocações
Apple,799.64,Compra de portátil para escritório,Equipamento Informático
Generali,1008.3,Seguro de saúde equipa técnica,Seguros
TecnoFix,401.4,Reparação canalização balneários,Manutenção e Reparações
Associação Regional de Andebol,229.06,Inscrição campeonato nacional,Arbitragem e Competições
Associação Regional de Andebol,275.1,Quotas federação portuguesa de andebol,Arbitragem e Competições
Gráfica Central,454.23,Produção de flyers para torneio,Publicidade e Marketing
CP Comboios,25.7,Transporte atletas para competição,Transportes e Deslocações
Zurich,878.43,Seguro de saúde equipa técnica,Seguros
Worten,1008.85,Software de gestão desportiva,Equipamento Informático
NOWO,744.02,Seguro de saúde equipa técnica,Seguros
Deloitte,271.63,Declaração fiscal anual do clube,Serviços de Contabilidade
Árbitro Costa,217.15,Honorários árbitro assistente,Arbitragem e Competições
Printmaster,247.96,Produção de flyers para torneio,Publicidade e Marketing
Generali,691.41,Seguro de saúde equipa técnica,Seguros
TecnoFix,262.0,Serviço de limpeza e manutenção geral,Manutenção e Reparações
EDP,331.27,Período de faturação: janeiro a fevereiro,Água Luz e Gás
ManutençãoPro,388.32,Pintura e remodelação escritório,Manutenção e Reparações
Fixando,259.49,Reparação canalização balneários,Manutenção e Reparações
Vodafone,55.26,Fatura telefonia fixa mensal,Comunicações
TecnoFix,364.9,Substituição de equipamentos danificados,Manutenção e Reparações
PricewaterhouseCoopers,438.47,Auditoria às contas do exercício,Serviços de Contabilidade
Pinturas Lisboa,476.8,Serviços de contabilidade mensal,Serviços de Contabilidade
Vodafone,383.95,Auditoria às contas do exercício,Serviços de Contabilidade
Fixando,368.83,Arranjo de portões e vedações,Manutenção e Reparações
Associação Regional de Andebol,257.26,Pagamento de árbitros jogo casa,Arbitragem e Competições
BDO,569.35,Consultoria financeira gestão associação,Serviços de Contabilidade
Intermarché,234.09,Compras alimentares para evento desportivo,Alimentação e Bebidas
El Corte Inglés,185.66,Compras alimentares para evento desportivo,Alimentação e Bebidas
AXA,991.48,Prémio de seguro anual clube,Seguros
Intermarché,206.88,Refeições pós-jogo para atletas,Alimentação e Bebidas
Dell,1134.1,Monitor e periféricos computador,Equipamento Informático
Vodafone,62.61,Pack comunicações sede do clube,Comunicações
Árbitro Silva,356.55,Taxa de participação torneio,Arbitragem e Competições
Delegado Ferreira,185.96,Pagamento de árbitros jogo casa,Arbitragem e Competições
Delegado Ferreira,281.07,Pagamento de árbitros jogo casa,Arbitragem e Competições
Gráfica Central,257.22,Criação de site e presença online,Publicidade e Marketing
AXA,1532.34,Seguro de equipamentos e material,Seguros
Agência Criativa,116.65,Design de logótipo do clube,Publicidade e Marketing
PricewaterhouseCoopers,271.9,Declaração fiscal anual do clube,Serviços de Contabilidade
Árbitro Silva,221.49,Taxa de participação torneio,Arbitragem e Competições
Samsung,1698.8,Monitor e periféricos computador,Equipamento Informático
Puma,312.18,Aquisição de redes para baliza,Material Desportivo
Pinturas Lisboa,208.23,Reparação balneários instalações,Manutenção e Reparações
Intermarché,52.61,Compras alimentares para evento desportivo,Alimentação e Bebidas
TOC Independente,353.54,Processamento de salários e recibos verdes,Serviços de Contabilidade
Design Studio,486.73,Impressão de cartazes e banners,Publicidade e Marketing
Agência Criativa,240.18,Campanha nas redes sociais,Publicidade e Marketing
NOWO,50.29,Serviço de internet banda larga,Comunicações
El Corte Inglés,48.39,Compras alimentares para evento desportivo,Alimentação e Bebidas
BP,83.9,Bilhetes de comboio campeonato,Transportes e Deslocações
AXA,1212.8,Prémio de seguro anual clube,Seguros
EPAL,220.83,Fatura bimestral de eletricidade,Água Luz e Gás
Worten,714.1,Compra de portátil para escritório,Equipamento Informático
NOS,31.28,Pack comunicações sede do clube,Comunicações
CP Comboios,93.65,Combustível deslocação a jogo fora,Transportes e Deslocações
Deloitte,183.08,Auditoria às contas do exercício,Serviços de Contabilidade
EDP,312.86,Fatura de eletricidade mês de março,Água Luz e Gás
Agência Criativa,129.88,Patrocínio e materiais de merchandising,Publicidade e Marketing
Iberdrola,213.2,Consumo de eletricidade pavilhão desportivo,Água Luz e Gás
Continente,122.86,Água e bebidas isotónicas treinos,Alimentação e Bebidas
EDP,209.32,Fatura de eletricidade mês de março,Água Luz e Gás
Delegado Ferreira,281.89,Honorários árbitro assistente,Arbitragem e Competições
Contabilidade Silva & Associados,454.24,Serviços de contabilidade mensal,Serviços de Contabilidade
Printmaster,161.14,Patrocínio e materiais de merchandising,Publicidade e Marketing
Lidl,360.0,Água e bebidas isotónicas treinos,Alimentação e Bebidas
MEO,79.08,Serviço de internet banda larga,Comunicações
Repsol,108.4,Portagens deslocação equipa,Transportes e Deslocações
PricewaterhouseCoopers,190.41,Relatório de contas anual,Serviços de Contabilidade
NOS Empresas,83.26,Fatura telemóvel treinador,Comunicações
Fnac,1528.02,Impressora para secretaria do clube,Equipamento Informático
Allianz,1088.9,Apólice de seguro responsabilidade civil,Seguros
Decathlon,399.08,Material de proteção e luvas de guarda-redes,Material Desportivo
Puma,381.01,Coletes e fatos de treino,Material Desportivo
Tranquilidade,1013.63,Seguro de saúde equipa técnica,Seguros
Serralharia Norte,365.25,Consultoria financeira gestão associação,Serviços de Contabilidade
Microsoft,60.91,Fatura telefonia fixa mensal,Comunicações
Lidl,309.88,Manutenção sistema elétrico pavilhão,Manutenção e Reparações
AXA,529.45,Prémio de seguro anual clube,Seguros
Intersport,568.89,Aquisição de redes para baliza,Material Desportivo
EPAL,136.61,Período de faturação: janeiro a fevereiro,Água Luz e Gás
Design Studio,215.99,Impressão de cartazes e banners,Publicidade e Marketing
FlixBus,27.69,Transporte atletas para competição,Transportes e Deslocações
Lidl,142.57,Compras supermercado para torneio,Alimentação e Bebidas
Endesa,191.5,Pintura e remodelação escritório,Manutenção e Reparações
Delegado Ferreira,98.3,Custos organização jogo oficial,Arbitragem e Competições
Deloitte,284.66,Relatório de contas anual,Serviços de Contabilidade
NMedia,194.8,Campanha nas redes sociais,Publicidade e Marketing
Ageas,375.03,Seguro de saúde equipa técnica,Seguros
CP Comboios,130.81,Bilhetes de comboio campeonato,Transportes e Deslocações
Vodafone,71.77,Pack comunicações sede do clube,Comunicações
Apple,746.76,Tablet para gestão de treinos,Equipamento Informático
Uber,135.33,Transporte atletas para competição,Transportes e Deslocações
AXA,864.17,Apólice de seguro responsabilidade civil,Seguros
Ageas,940.6,Prémio de seguro anual clube,Seguros
Árbitro Costa,227.35,Quotas federação portuguesa de andebol,Arbitragem e Competições
NOS,82.1,Manutenção sistema elétrico pavilhão,Manutenção e Reparações
Federação Portuguesa de Andebol,236.63,Quotas federação portuguesa de andebol,Arbitragem e Competições
Fixando,388.03,Arranjo de portões e vedações,Manutenção e Reparações
Associação Regional de Andebol,301.77,Quotas federação portuguesa de andebol,Arbitragem e Competições
NOWO,35.99,Mensalidade internet e telefone,Comunicações
NOS Empresas,44.15,Pack comunicações sede do clube,Comunicações
Associação Regional de Andebol,185.42,Honorários árbitro assistente,Arbitragem e Competições
Árbitro Costa,241.33,Pagamento de árbitros jogo casa,Arbitragem e Competições
Galp,195.7,Combustível viagem torneio nacional,Transportes e Deslocações
Design Studio,427.51,Publicidade jornal local,Publicidade e Marketing
Apple,1565.49,Disco externo backup documentos,Equipamento Informático
Design Studio,147.98,Impressão de cartazes e banners,Publicidade e Marketing
Asics,491.96,Compra de bolas de andebol,Material Desportivo
Electricista Costa,462.86,Manutenção sistema elétrico pavilhão,Manutenção e Reparações
Galp Energia,147.14,Período de faturação: janeiro a fevereiro,Água Luz e Gás
Endesa,363.03,Custos organização jogo oficial,Arbitragem e Competições
Endesa Energia,169.07,Fatura de energia elétrica e gás,Água Luz e Gás
Nike,322.93,Compra de bolas de andebol,Material Desportivo
Contabilidade Silva & Associados,401.03,Auditoria às contas do exercício,Serviços de Contabilidade
Generali,698.97,Renovação seguro instalações desportivas,Seguros
Fixando,234.56,Serviço de limpeza e manutenção geral,Manutenção e Reparações
EDP,196.97,Período de faturação: março a abril,Água Luz e Gás
AXA,449.11,Apólice de seguro responsabilidade civil,Seguros
Agência Criativa,271.32,Campanha nas redes sociais,Publicidade e Marketing
Fidelidade,759.91,Seguro de acidentes pessoais atletas,Seguros
Lenovo,1613.17,Tablet para gestão de treinos,Equipamento Informático
Samsung,1120.82,Webcam e microfone reuniões online,Equipamento Informático
Intersport,521.24,Sapatos e sapatilhas de andebol,Material Desportivo
Nike,464.16,Compra de sacos de desporto e mochilas,Material Desportivo
Agência Criativa,268.89,Criação de site e presença online,Publicidade e Marketing
Asics,370.31,Compra de bolas de andebol,Material Desportivo
Árbitro Silva,241.72,Quotas federação portuguesa de andebol,Arbitragem e Competições
Intermarché,94.21,Catering jantar de gala do clube,Alimentação e Bebidas
Intersport,579.11,Aquisição de redes para baliza,Material Desportivo
Decathlon,209.19,Coletes e fatos de treino,Material Desportivo
FlixBus,123.74,Bilhetes de comboio campeonato,Transportes e Deslocações
Lenovo,1733.52,Webcam e microfone reuniões online,Equipamento Informático
Worten,766.2,Software de gestão desportiva,Equipamento Informático
Mercadona,249.44,Compras alimentares para evento desportivo,Alimentação e Bebidas
Lenovo,1211.42,Compra de portátil para escritório,Equipamento Informático
KPMG,352.3,Relatório de contas anual,Serviços de Contabilidade
Endesa Energia,181.91,Fatura de eletricidade mês de março,Água Luz e Gás
BP,203.58,Táxi ou uber após jogo tardio,Transportes e Deslocações
El Corte Inglés,17.25,Catering jantar de gala do clube,Alimentação e Bebidas
Intermarché,183.26,Snacks e lanches concentração,Alimentação e Bebidas
Contabilidade Silva & Associados,196.01,Compras supermercado para torneio,Alimentação e Bebidas
Publico,137.51,Patrocínio e materiais de merchandising,Publicidade e Marketing
ManutençãoPro,260.63,Arranjo de portões e vedações,Manutenção e Reparações
Allianz,1084.73,Seguro de acidentes pessoais atletas,Seguros
Fnac,105.9,Impressão de cartazes e banners,Publicidade e Marketing
Árbitro Costa,165.88,Período de faturação: março a abril,Água Luz e Gás
Iberdrola,200.23,Fatura de gás aquecimento balneários,Água Luz e Gás
Endesa Energia,56.49,Período de faturação: janeiro a fevereiro,Água Luz e Gás
Árbitro Costa,93.29,Fatura de eletricidade mês de março,Água Luz e Gás
Galp Energia,222.81,Consumo de eletricidade pavilhão desportivo,Água Luz e Gás
BDO,393.45,Auditoria às contas do exercício,Serviços de Contabilidade
Deloitte,426.32,Consultoria financeira gestão associação,Serviços de Contabilidade
EDP,411.5,Material de proteção e luvas de guarda-redes,Material Desportivo
Decathlon,445.8,Aquisição de redes para baliza,Material Desportivo
BP,67.15,Combustível viagem torneio nacional,Transportes e Deslocações
Pinturas Lisboa,328.87,Serviço de limpeza e manutenção geral,Manutenção e Reparações
Iberdrola Portugal,35.48,Consumo de água instalações desportivas,Água Luz e Gás
Árbitro Silva,242.2,Inscrição campeonato nacional,Arbitragem e Competições
Puma,273.41,Aquisição de redes para baliza,Material Desportivo
Auchan,274.0,Refeições pós-jogo para atletas,Alimentação e Bebidas
Tranquilidade,1316.37,Seguro de acidentes pessoais atletas,Seguros
Galp,109.72,Combustível viagem torneio nacional,Transportes e Deslocações
Repsol,85.44,Combustível viagem torneio nacional,Transportes e Deslocações
NMedia,344.29,Publicidade jornal local,Publicidade e Marketing
Iberdrola,182.54,Fatura de gás aquecimento balneários,Água Luz e Gás
Microsoft,1123.92,Software de gestão desportiva,Equipamento Informático
Printmaster,283.25,Criação de site e presença online,Publicidade e Marketing
Iberdrola,192.86,Consumo de água instalações desportivas,Água Luz e Gás
FlixBus,162.06,Bilhetes de comboio campeonato,Transportes e Deslocações
NOWO,46.14,Fatura telefonia fixa mensal,Comunicações
NMedia,247.35,Criação de site e presença online,Publicidade e Marketing
ManutençãoPro,321.05,Reparação balneários instalações,Manutenção e Reparações
Fixando,200.34,Substituição de equipamentos danificados,Manutenção e Reparações
Adidas,599.62,Aquisição de redes para baliza,Material Desportivo
Generali,885.29,Renovação seguro instalações desportivas,Seguros
Allianz,754.45,Seguro de equipamentos e material,Seguros
Asics,254.75,Compra de bolas de andebol,Material Desportivo
MEO,53.69,Plano de dados móveis equipa técnica,Comunicações
Vodafone,75.49,Serviço de internet banda larga,Comunicações
MEO Empresas,41.24,Fatura telefonia fixa mensal,Comunicações
Rentalhas,262.14,Reparação canalização balneários,Manutenção e Reparações
Árbitro Silva,241.98,Quotas federação portuguesa de andebol,Arbitragem e Competições
Árbitro Silva,414.71,Processamento de salários e recibos verdes,Serviços de Contabilidade
Agência Criativa,321.51,Design de logótipo do clube,Publicidade e Marketing
Printmaster,134.98,Impressão de cartazes e banners,Publicidade e Marketing
Rentalhas,1504.86,Disco externo backup documentos,Equipamento Informático
Endesa Energia,131.02,Fatura de energia elétrica e gás,Água Luz e Gás
Auchan,155.61,Catering jantar de gala do clube,Alimentação e Bebidas
Pinturas Lisboa,120.97,Manutenção sistema elétrico pavilhão,Manutenção e Reparações
AXA,562.99,Prémio de seguro anual clube,Seguros
Auchan,93.11,Refeições pós-jogo para atletas,Alimentação e Bebidas
Agência Criativa,372.83,Impressão de cartazes e banners,Publicidade e Marketing
Intersport,196.09,Sapatos e sapatilhas de andebol,Material Desportivo
Agência Criativa,272.29,Patrocínio e materiais de merchandising,Publicidade e Marketing
Lenovo,1139.18,Compra de portátil para escritório,Equipamento Informático
EDP Comercial,176.78,Fatura de energia elétrica e gás,Água Luz e Gás
Árbitro Costa,243.23,Honorários árbitro assistente,Arbitragem e Competições
BDO,397.52,Serviços de contabilidade mensal,Serviços de Contabilidade
Puma,293.37,Compra de sacos de desporto e mochilas,Material Desportivo
Microsoft,244.18,Taxa de participação torneio,Arbitragem e Competições
NOWO,76.26,Fatura telefonia fixa mensal,Comunicações
Sport Zone,487.11,Material de proteção e luvas de guarda-redes,Material Desportivo
Naturgy,196.94,Fatura de energia elétrica e gás,Água Luz e Gás
Vodafone,71.22,Serviço de internet banda larga,Comunicações
Fixando,419.97,Declaração fiscal anual do clube,Serviços de Contabilidade
Fidelidade,635.79,Renovação seguro instalações desportivas,Seguros
Generali,307.39,Seguro de acidentes pessoais atletas,Seguros
Generali,602.7,Apólice de seguro responsabilidade civil,Seguros
Allianz,1233.24,Apólice de seguro responsabilidade civil,Seguros
Zurich,635.14,Prémio de seguro anual clube,Seguros
Dell,766.14,Software de gestão desportiva,Equipamento Informático
El Corte Inglés,150.03,Água e bebidas isotónicas treinos,Alimentação e Bebidas
Decathlon,443.2,Material de proteção e luvas de guarda-redes,Material Desportivo
Galp Energia,99.21,Fornecimento de energia elétrica pavilhão,Água Luz e Gás
Delegado Ferreira,382.3,Pagamento de árbitros jogo casa,Arbitragem e Competições
Fixando,293.76,Pagamento de árbitros jogo casa,Arbitragem e Competições
Iberdrola,230.03,Período de faturação: março a abril,Água Luz e Gás
Decathlon,513.62,Apólice de seguro responsabilidade civil,Seguros
AXA,1184.57,Renovação seguro instalações desportivas,Seguros
Generali,1336.46,Prémio de seguro anual clube,Seguros
Naturgy,109.93,Fatura bimestral de eletricidade,Água Luz e Gás
ManutençãoPro,112.87,Reparação balneários instalações,Manutenção e Reparações
KPMG,345.06,Serviços de contabilidade mensal,Serviços de Contabilidade
BDO,481.64,Processamento de salários e recibos verdes,Serviços de Contabilidade
Endesa Energia,104.96,Período de faturação: março a abril,Água Luz e Gás
MEO,81.66,Pack comunicações sede do clube,Comunicações
Pinturas Lisboa,244.72,Substituição de equipamentos danificados,Manutenção e Reparações
EDP,116.78,Água e saneamento mês de janeiro,Água Luz e Gás
Design Studio,367.61,Design de logótipo do clube,Publicidade e Marketing
Allianz,1307.9,Renovação seguro instalações desportivas,Seguros
MEO,102.88,Mensalidade internet e telefone,Comunicações
KPMG,353.72,Serviços de contabilidade mensal,Serviços de Contabilidade
Pingo Doce,168.42,Snacks e lanches concentração,Alimentação e Bebidas
KPMG,487.91,Consultoria financeira gestão associação,Serviços de Contabilidade
Zurich,577.16,Monitor e periféricos computador,Equipamento Informático
Naturgy,171.73,Fatura bimestral de eletricidade,Água Luz e Gás
FlixBus,120.85,Portagens deslocação equipa,Transportes e Deslocações
Fixando,438.49,Pintura e remodelação escritório,Manutenção e Reparações
MEO Empresas,46.93,Plano de dados móveis equipa técnica,Comunicações
Auchan,40.76,Snacks e lanches concentração,Alimentação e Bebidas
Vodafone,75.18,Fatura telemóvel treinador,Comunicações
Águas de Portugal,253.23,Fornecimento de energia elétrica pavilhão,Água Luz e Gás
Delegado Ferreira,246.82,Honorários árbitro assistente,Arbitragem e Competições
Intersport,330.92,Compra de bolas de andebol,Material Desportivo
KPMG,89.76,Processamento de salários e recibos verdes,Serviços de Contabilidade
Worten,887.63,Impressora para secretaria do clube,Equipamento Informático
MEO,102.44,Fatura telemóvel treinador,Comunicações
Serralharia Norte,210.05,Reparação balneários instalações,Manutenção e Reparações
TOC Independente,282.53,Relatório de contas anual,Serviços de Contabilidade
El Corte Inglés,164.73,Compras supermercado para torneio,Alimentação e Bebidas
PricewaterhouseCoopers,427.58,Declaração fiscal anual do clube,Serviços de Contabilidade
Pingo Doce,195.28,Catering jantar de gala do clube,Alimentação e Bebidas
Galp,135.06,Transporte atletas para competição,Transportes e Deslocações
Generali,596.64,Aquisição de redes para baliza,Material Desportivo
NOS,92.65,Mensalidade internet e telefone,Comunicações
Federação Portuguesa de Andebol,281.24,Quotas federação portuguesa de andebol,Arbitragem e Competições
FlixBus,76.86,Combustível deslocação a jogo fora,Transportes e Deslocações
Electricista Costa,255.52,Substituição de equipamentos danificados,Manutenção e Reparações
Auchan,197.72,Snacks e lanches concentração,Alimentação e Bebidas
EPAL,168.93,Consumo de água instalações desportivas,Água Luz e Gás
Pinturas Lisboa,339.63,Substituição de equipamentos danificados,Manutenção e Reparações
Uber,34.77,Combustível viagem torneio nacional,Transportes e Deslocações
FlixBus,26.08,Combustível deslocação a jogo fora,Transportes e Deslocações
Lenovo,1272.3,Compra de portátil para escritório,Equipamento Informático
Federação Portuguesa de Andebol,106.01,Inscrição campeonato nacional,Arbitragem e Competições
Fidelidade,1247.18,Renovação seguro instalações desportivas,Seguros
BDO,442.91,Auditoria às contas do exercício,Serviços de Contabilidade
Intermarché,99.71,Refeições pós-jogo para atletas,Alimentação e Bebidas
Hertz,61.89,Combustível viagem torneio nacional,Transportes e Deslocações
EDP,107.14,Fatura de energia elétrica e gás,Água Luz e Gás
Printmaster,153.38,Patrocínio e materiais de merchandising,Publicidade e Marketing
Puma,66.26,Material de proteção e luvas de guarda-redes,Material Desportivo
Dell,1188.05,Software de gestão desportiva,Equipamento Informático
CP Comboios,212.86,Transporte atletas para competição,Transportes e Deslocações
TecnoFix,508.84,Serviço de limpeza e manutenção geral,Manutenção e Reparações
Gráfica Central,102.66,Serviço de internet banda larga,Comunicações
NOS Empresas,20.96,Serviço de internet banda larga,Comunicações
NOS,73.59,Plano de dados móveis equipa técnica,Comunicações
MEO Empresas,106.29,Pack comunicações sede do clube,Comunicações
Worten,2256.88,Software de gestão desportiva,Equipamento Informático
Nike,147.78,Aquisição de redes para baliza,Material Desportivo
Nike,613.16,Equipamento de treino para atletas,Material Desportivo
Publico,426.36,Patrocínio e materiais de merchandising,Publicidade e Marketing
Agência Criativa,281.27,Campanha nas redes sociais,Publicidade e Marketing
Generali,1135.74,Seguro de saúde equipa técnica,Seguros
NOWO,38.45,Fatura telefonia fixa mensal,Comunicações
Adidas,196.98,Consumo de eletricidade pavilhão desportivo,Água Luz e Gás
Nike,546.44,Equipamento de treino para atletas,Material Desportivo
Repsol,159.33,Bilhetes de comboio campeonato,Transportes e Deslocações
Electricista Costa,214.7,Substituição de equipamentos danificados,Manutenção e Reparações
TecnoFix,234.6,Relatório de contas anual,Serviços de Contabilidade
Endesa Energia,243.21,Fornecimento de energia elétrica pavilhão,Água Luz e Gás
Galp,116.79,Combustível viagem torneio nacional,Transportes e Deslocações
Tranquilidade,506.1,Seguro de acidentes pessoais atletas,Seguros
Lidl,163.29,Compras supermercado para torneio,Alimentação e Bebidas
Lidl,16.0,Catering jantar de gala do clube,Alimentação e Bebidas
Samsung,1900.49,Compra de portátil para escritório,Equipamento Informático
Sport Zone,442.21,Compra de sacos de desporto e mochilas,Material Desportivo
Agência Criativa,88.83,Patrocínio e materiais de merchandising,Publicidade e Marketing
Worten,807.82,Monitor e periféricos computador,Equipamento Informático
Associação Regional de Andebol,175.64,Pagamento de árbitros jogo casa,Arbitragem e Competições
Fidelidade,659.57,Renovação seguro instalações desportivas,Seguros
Endesa Energia,98.14,Período de faturação: janeiro a fevereiro,Água Luz e Gás
Design Studio,188.39,Água e saneamento mês de janeiro,Água Luz e Gás
Ageas,1038.68,Seguro de acidentes pessoais atletas,Seguros
Fixando,197.59,Substituição de equipamentos danificados,Manutenção e Reparações
Repsol,117.85,Táxi ou uber após jogo tardio,Transportes e Deslocações
Árbitro Silva,175.02,Pagamento de árbitros jogo casa,Arbitragem e Competições
ManutençãoPro,516.72,Arranjo de portões e vedações,Manutenção e Reparações
AXA,548.54,Renovação seguro instalações desportivas,Seguros
Nike,150.59,Compra de bolas de andebol,Material Desportivo
Vodafone,22.65,Mensalidade internet e telefone,Comunicações
Gráfica Central,287.31,Criação de site e presença online,Publicidade e Marketing
MEO Empresas,35.24,Mensalidade internet e telefone,Comunicações
TecnoFix,227.36,Pintura e remodelação escritório,Manutenção e Reparações
Galp Energia,162.66,Consumo de eletricidade pavilhão desportivo,Água Luz e Gás
Hertz,122.92,Bilhetes de comboio campeonato,Transportes e Deslocações
Publico,244.32,Design de logótipo do clube,Publicidade e Marketing
Delegado Ferreira,351.33,Inscrição campeonato nacional,Arbitragem e Competições
Naturgy,81.92,Fatura de energia elétrica e gás,Água Luz e Gás
Fidelidade,447.89,Seguro de acidentes pessoais atletas,Seguros
TOC Independente,558.18,Serviços de contabilidade mensal,Serviços de Contabilidade
Iberdrola,293.03,Fatura bimestral de eletricidade,Água Luz e Gás
Allianz,200.4,Seguro de equipamentos e material,Seguros
CP Comboios,132.1,Aluguer de autocarro para viagem,Transportes e Deslocações
Ageas,792.68,Seguro de equipamentos e material,Seguros
Samsung,721.22,Software de gestão desportiva,Equipamento Informático
BDO,211.08,Pintura e remodelação escritório,Manutenção e Reparações
Agência Criativa,187.5,Impressão de cartazes e banners,Publicidade e Marketing
Naturgy,183.68,Água e saneamento mês de janeiro,Água Luz e Gás
Mercadona,53.94,Água e bebidas isotónicas treinos,Alimentação e Bebidas
Galp Energia,242.14,Consumo de água instalações desportivas,Água Luz e Gás
Uber,77.6,Combustível viagem torneio nacional,Transportes e Deslocações
Puma,485.77,Material de proteção e luvas de guarda-redes,Material Desportivo
Asics,495.44,Coletes e fatos de treino,Material Desportivo
EPAL,263.11,Período de faturação: janeiro a fevereiro,Água Luz e Gás
ManutençãoPro,590.21,Prémio de seguro anual clube,Seguros
Allianz,85.34,Fatura telemóvel treinador,Comunicações
Agência Criativa,329.11,Patrocínio e materiais de merchandising,Publicidade e Marketing
Samsung,791.61,Compra de portátil para escritório,Equipamento Informático
NMedia,258.76,Produção de flyers para torneio,Publicidade e Marketing
Continente,128.5,Snacks e lanches concentração,Alimentação e Bebidas
Federação Portuguesa de Andebol,713.38,Equipamento de treino para atletas,Material Desportivo
Ageas,1566.43,Seguro de saúde equipa técnica,Seguros
NMedia,328.04,Publicidade jornal local,Publicidade e Marketing
Samsung,810.63,Impressora para secretaria do clube,Equipamento Informático
Lenovo,754.2,Tablet para gestão de treinos,Equipamento Informático
NOS Empresas,63.98,Plano de dados móveis equipa técnica,Comunicações
Allianz,293.17,Renovação seguro instalações desportivas,Seguros
Galp Energia,87.85,Fatura de gás aquecimento balneários,Água Luz e Gás
Electricista Costa,550.15,Produção de flyers para torneio,Publicidade e Marketing
Lidl,111.02,Catering jantar de gala do clube,Alimentação e Bebidas
Iberdrola Portugal,70.38,Água e saneamento mês de janeiro,Água Luz e Gás
Mercadona,174.98,Refeições pós-jogo para atletas,Alimentação e Bebidas
Microsoft,1730.4,Software de gestão desportiva,Equipamento Informático
FlixBus,131.74,Portagens deslocação equipa,Transportes e Deslocações
Puma,461.91,Equipamento de treino para atletas,Material Desportivo
NOS Empresas,81.08,Plano de dados móveis equipa técnica,Comunicações
El Corte Inglés,153.76,Compras supermercado para torneio,Alimentação e Bebidas
Generali,1041.55,Seguro de saúde equipa técnica,Seguros
Pingo Doce,304.25,Compras alimentares para evento desportivo,Alimentação e Bebidas
Printmaster,483.01,Produção de flyers para torneio,Publicidade e Marketing
Intersport,718.37,Compra de sacos de desporto e mochilas,Material Desportivo
Zurich,509.85,Seguro de saúde equipa técnica,Seguros
EPAL,292.32,Fatura bimestral de eletricidade,Água Luz e Gás
Decathlon,336.97,Compra de bolas de andebol,Material Desportivo
Delegado Ferreira,167.9,Custos organização jogo oficial,Arbitragem e Competições
El Corte Inglés,165.19,Catering jantar de gala do clube,Alimentação e Bebidas
Serralharia Norte,347.04,Substituição de equipamentos danificados,Manutenção e Reparações
BP,74.04,Combustível viagem torneio nacional,Transportes e Deslocações
Tranquilidade,511.08,Seguro de equipamentos e material,Seguros
MEO Empresas,65.62,Serviço de internet banda larga,Comunicações
Serralharia Norte,341.05,Arranjo de portões e vedações,Manutenção e Reparações
BDO,373.1,Serviços de contabilidade mensal,Serviços de Contabilidade
Hertz,85.0,Bilhetes de comboio campeonato,Transportes e Deslocações
Associação Regional de Andebol,236.21,Inscrição campeonato nacional,Arbitragem e Competições
PricewaterhouseCoopers,371.36,Processamento de salários e recibos verdes,Serviços de Contabilidade
KPMG,174.17,Declaração fiscal anual do clube,Serviços de Contabilidade
Samsung,1899.85,Tablet para gestão de treinos,Equipamento Informático
MEO,55.84,Pack comunicações sede do clube,Comunicações
Pingo Doce,122.88,Água e bebidas isotónicas treinos,Alimentação e Bebidas
Deloitte,399.89,Consultoria financeira gestão associação,Serviços de Contabilidade
Mercadona,68.69,Água e bebidas isotónicas treinos,Alimentação e Bebidas
Pingo Doce,162.47,Compras supermercado para torneio,Alimentação e Bebidas
Iberdrola Portugal,182.38,Água e saneamento mês de janeiro,Água Luz e Gás
Allianz,86.11,Fatura bimestral de eletricidade,Água Luz e Gás
Adidas,382.67,Coletes e fatos de treino,Material Desportivo
Auchan,140.75,Refeições pós-jogo para atletas,Alimentação e Bebidas
NOS Empresas,88.83,Fatura telefonia fixa mensal,Comunicações
Intermarché,121.24,Snacks e lanches concentração,Alimentação e Bebidas
Design Studio,210.46,Patrocínio e materiais de merchandising,Publicidade e Marketing
Continente,146.68,Compras alimentares para evento desportivo,Alimentação e Bebidas
Contabilidade Silva & Associados,255.58,Processamento de salários e recibos verdes,Serviços de Contabilidade
Endesa Energia,114.12,Consumo de água instalações desportivas,Água Luz e Gás
Mercadona,118.04,Refeições pós-jogo para atletas,Alimentação e Bebidas
Allianz,795.71,Seguro de acidentes pessoais atletas,Seguros
Serralharia Norte,315.53,Serviço de limpeza e manutenção geral,Manutenção e Reparações
El Corte Inglés,141.14,Catering jantar de gala do clube,Alimentação e Bebidas
MEO,50.32,Mensalidade internet e telefone,Comunicações
Sport Zone,403.32,Sapatos e sapatilhas de andebol,Material Desportivo
Intersport,486.64,Aquisição de redes para baliza,Material Desportivo
Generali,510.47,Seguro de acidentes pessoais atletas,Seguros
Puma,381.1,Compra de bolas de andebol,Material Desportivo
NMedia,281.66,Publicidade jornal local,Publicidade e Marketing
Intersport,312.38,Coletes e fatos de treino,Material Desportivo
MEO,77.32,Fatura telemóvel treinador,Comunicações
Iberdrola,337.91,Auditoria às contas do exercício,Serviços de Contabilidade
Deloitte,376.38,Auditoria às contas do exercício,Serviços de Contabilidade
Design Studio,187.95,Design de logótipo do clube,Publicidade e Marketing
BP,144.44,Portagens deslocação equipa,Transportes e Deslocações
Nike,623.21,Coletes e fatos de treino,Material Desportivo
KPMG,214.87,Auditoria às contas do exercício,Serviços de Contabilidade
Galp,94.59,Aluguer de autocarro para viagem,Transportes e Deslocações
Electricista Costa,350.5,Substituição de equipamentos danificados,Manutenção e Reparações
Dell,156.11,Água e bebidas isotónicas treinos,Alimentação e Bebidas
Tranquilidade,1141.29,Prémio de seguro anual clube,Seguros
Decathlon,457.13,Sapatos e sapatilhas de andebol,Material Desportivo
KPMG,342.88,Relatório de contas anual,Serviços de Contabilidade
FlixBus,121.08,Transporte atletas para competição,Transportes e Deslocações
Zurich,908.82,Renovação seguro instalações desportivas,Seguros
PricewaterhouseCoopers,435.19,Processamento de salários e recibos verdes,Serviços de Contabilidade
Federação Portuguesa de Andebol,246.33,Honorários árbitro assistente,Arbitragem e Competições
BDO,137.18,Auditoria às contas do exercício,Serviços de Contabilidade
EPAL,204.61,Água e saneamento mês de janeiro,Água Luz e Gás
Apple,1106.15,Disco externo backup documentos,Equipamento Informático
BP,57.12,Bilhetes de comboio campeonato,Transportes e Deslocações
Microsoft,1482.41,Webcam e microfone reuniões online,Equipamento Informático
Continente,263.6,Refeições pós-jogo para atletas,Alimentação e Bebidas
Publico,249.02,Design de logótipo do clube,Publicidade e Marketing
Sport Zone,425.75,Relatório de contas anual,Serviços de Contabilidade
Printmaster,289.54,Criação de site e presença online,Publicidade e Marketing
HP,1164.36,Compra de portátil para escritório,Equipamento Informático
AXA,761.93,Seguro de acidentes pessoais atletas,Seguros
Associação Regional de Andebol,68.88,Mensalidade internet e telefone,Comunicações
EDP,105.34,Período de faturação: janeiro a fevereiro,Água Luz e Gás
Publico,40.0,Patrocínio e materiais de merchandising,Publicidade e Marketing
Fixando,271.1,Reparação balneários instalações,Manutenção e Reparações
Decathlon,425.96,Material de proteção e luvas de guarda-redes,Material Desportivo
Federação Portuguesa de Andebol,329.57,Pagamento de árbitros jogo casa,Arbitragem e Competições
Naturgy,197.57,Período de faturação: março a abril,Água Luz e Gás
Mercadona,186.88,Snacks e lanches concentração,Alimentação e Bebidas
Samsung,1925.27,Webcam e microfone reuniões online,Equipamento Informático
Galp,117.34,Aluguer de autocarro para viagem,Transportes e Deslocações
Contabilidade Silva & Associados,228.02,Processamento de salários e recibos verdes,Serviços de Contabilidade
Serralharia Norte,314.84,Arranjo de portões e vedações,Manutenção e Reparações
Nike,483.92,Sapatos e sapatilhas de andebol,Material Desportivo
Intersport,470.37,Equipamento de treino para atletas,Material Desportivo
Auchan,282.87,Água e bebidas isotónicas treinos,Alimentação e Bebidas
Allianz,154.28,Portagens deslocação equipa,Transportes e Deslocações
Design Studio,237.22,Produção de flyers para torneio,Publicidade e Marketing
Auchan,63.2,Refeições pós-jogo para atletas,Alimentação e Bebidas
Intermarché,266.62,Compras alimentares para evento desportivo,Alimentação e Bebidas
Delegado Ferreira,203.89,Custos organização jogo oficial,Arbitragem e Competições
TecnoFix,414.28,Custos organização jogo oficial,Arbitragem e Competições
Pinturas Lisboa,382.06,Pintura e remodelação escritório,Manutenção e Reparações
Microsoft,773.43,Compra de portátil para escritório,Equipamento Informático
HP,369.58,Impressora para secretaria do clube,Equipamento Informático
Delegado Ferreira,361.98,Honorários árbitro assistente,Arbitragem e Competições
Águas de Portugal,184.78,Fatura de eletricidade mês de março,Água Luz e Gás
Adidas,304.04,Material de proteção e luvas de guarda-redes,Material Desportivo
NOS,19.5,Serviço de internet banda larga,Comunicações
Árbitro Costa,40.0,Inscrição campeonato nacional,Arbitragem e Competições
Gráfica Central,129.3,Patrocínio e materiais de merchandising,Publicidade e Marketing
HP,352.58,Impressora para secretaria do clube,Equipamento Informático
Printmaster,341.72,Campanha nas redes sociais,Publicidade e Marketing
Intersport,441.32,Aquisição de redes para baliza,Material Desportivo
Agência Criativa,378.95,Patrocínio e materiais de merchandising,Publicidade e Marketing
Árbitro Costa,185.94,Taxa de participação torneio,Arbitragem e Competições
Árbitro Costa,274.85,Inscrição campeonato nacional,Arbitragem e Competições
Fixando,311.91,Reparação balneários instalações,Manutenção e Reparações
Fnac,1071.86,Impressora para secretaria do clube,Equipamento Informático
Samsung,1604.34,Disco externo backup documentos,Equipamento Informático
EDP Comercial,188.03,Período de faturação: março a abril,Água Luz e Gás
Allianz,981.77,Seguro de saúde equipa técnica,Seguros
EDP Comercial,159.8,Fatura de gás aquecimento balneários,Água Luz e Gás
Serralharia Norte,234.76,Serviço de limpeza e manutenção geral,Manutenção e Reparações
Uber,38.57,Portagens deslocação equipa,Transportes e Deslocações
Associação Regional de Andebol,254.99,Quotas federação portuguesa de andebol,Arbitragem e Competições
Federação Portuguesa de Andebol,227.52,Honorários árbitro assistente,Arbitragem e Competições
Delegado Ferreira,176.42,Honorários árbitro assistente,Arbitragem e Competições
Árbitro Silva,59.67,Honorários árbitro assistente,Arbitragem e Competições
Samsung,102.61,Combustível deslocação a jogo fora,Transportes e Deslocações
Deloitte,78.36,Pack comunicações sede do clube,Comunicações
Ageas,437.54,Relatório de contas anual,Serviços de Contabilidade
PricewaterhouseCoopers,364.28,Processamento de salários e recibos verdes,Serviços de Contabilidade
Microsoft,836.0,Monitor e periféricos computador,Equipamento Informático
NOS,67.16,Fatura telemóvel treinador,Comunicações
Dell,535.48,Tablet para gestão de treinos,Equipamento Informático
Worten,920.68,Monitor e periféricos computador,Equipamento Informático
Árbitro Silva,131.37,Taxa de participação torneio,Arbitragem e Competições
Galp,8.19,Portagens deslocação equipa,Transportes e Deslocações
Gráfica Central,418.05,Produção de flyers para torneio,Publicidade e Marketing
PricewaterhouseCoopers,155.42,Auditoria às contas do exercício,Serviços de Contabilidade
EDP,185.05,Fatura de eletricidade mês de março,Água Luz e Gás
Gráfica Central,236.45,Impressão de cartazes e banners,Publicidade e Marketing
FlixBus,116.19,Táxi ou uber após jogo tardio,Transportes e Deslocações
Deloitte,670.01,Serviços de contabilidade mensal,Serviços de Contabilidade
Electricista Costa,184.02,Reparação canalização balneários,Manutenção e Reparações
AXA,833.95,Seguro de saúde equipa técnica,Seguros
NMedia,260.85,Design de logótipo do clube,Publicidade e Marketing
Design Studio,447.07,Criação de site e presença online,Publicidade e Marketing
Auchan,1077.08,Seguro de equipamentos e material,Seguros
Pingo Doce,151.05,Compras alimentares para evento desportivo,Alimentação e Bebidas
EPAL,69.46,Período de faturação: outubro a novembro,Água Luz e Gás
Repsol,80.77,Portagens deslocação equipa,Transportes e Deslocações
Galp,65.53,Aluguer de autocarro para viagem,Transportes e Deslocações
Microsoft,1065.11,Compra de portátil para escritório,Equipamento Informático
Pinturas Lisboa,341.65,Arranjo de portões e vedações,Manutenção e Reparações
Samsung,1333.55,Software de gestão desportiva,Equipamento Informático
Printmaster,300.79,Impressora para secretaria do clube,Equipamento Informático
Ageas,804.41,Seguro de saúde equipa técnica,Seguros
Galp,132.41,Portagens deslocação equipa,Transportes e Deslocações
Intermarché,181.79,Compras supermercado para torneio,Alimentação e Bebidas
Generali,598.08,Renovação seguro instalações desportivas,Seguros
NOS Empresas,47.55,Fatura telemóvel treinador,Comunicações
Fidelidade,1019.92,Prémio de seguro anual clube,Seguros
Hertz,85.62,Táxi ou uber após jogo tardio,Transportes e Deslocações
Árbitro Costa,200.4,Quotas federação portuguesa de andebol,Arbitragem e Competições
Federação Portuguesa de Andebol,286.98,Quotas federação portuguesa de andebol,Arbitragem e Competições
MEO,120.0,Serviço de internet banda larga,Comunicações
TecnoFix,226.98,Patrocínio e materiais de merchandising,Publicidade e Marketing
Electricista Costa,223.96,Pintura e remodelação escritório,Manutenção e Reparações
Printmaster,1353.97,Impressora para secretaria do clube,Equipamento Informático
EDP Comercial,176.69,Água e saneamento mês de janeiro,Água Luz e Gás
MEO Empresas,44.54,Plano de dados móveis equipa técnica,Comunicações
Adidas,319.57,Equipamento de treino para atletas,Material Desportivo
Hertz,355.67,Substituição de equipamentos danificados,Manutenção e Reparações
AXA,512.22,Seguro de saúde equipa técnica,Seguros
Vodafone,73.03,Fatura telefonia fixa mensal,Comunicações
ManutençãoPro,419.79,Reparação balneários instalações,Manutenção e Reparações
Design Studio,232.83,Patrocínio e materiais de merchandising,Publicidade e Marketing
Apple,848.12,Monitor e periféricos computador,Equipamento Informático
Publico,171.26,Impressão de cartazes e banners,Publicidade e Marketing
Endesa,179.45,Água e saneamento mês de janeiro,Água Luz e Gás
Associação Regional de Andebol,40.0,Quotas federação portuguesa de andebol,Arbitragem e Competições
Asics,563.46,Coletes e fatos de treino,Material Desportivo
CP Comboios,91.72,Quotas federação portuguesa de andebol,Arbitragem e Competições
Agência Criativa,300.19,Campanha nas redes sociais,Publicidade e Marketing
Electricista Costa,190.05,Serviços de contabilidade mensal,Serviços de Contabilidade
MEO Empresas,40.37,Pack comunicações sede do clube,Comunicações
Puma,298.08,Equipamento de treino para atletas,Material Desportivo
Naturgy,191.01,Fatura de energia elétrica e gás,Água Luz e Gás
Uber,122.63,Combustível deslocação a jogo fora,Transportes e Deslocações
Asics,351.48,Material de proteção e luvas de guarda-redes,Material Desportivo
Allianz,517.1,Prémio de seguro anual clube,Seguros
TecnoFix,92.94,Manutenção sistema elétrico pavilhão,Manutenção e Reparações
ManutençãoPro,208.14,Reparação canalização balneários,Manutenção e Reparações
Árbitro Silva,290.3,Inscrição campeonato nacional,Arbitragem e Competições
MEO Empresas,70.3,Mensalidade internet e telefone,Comunicações
NOWO,58.81,Plano de dados móveis equipa técnica,Comunicações
Árbitro Silva,137.36,Pagamento de árbitros jogo casa,Arbitragem e Competições
Fidelidade,1273.86,Seguro de equipamentos e material,Seguros
Apple,249.41,Quotas federação portuguesa de andebol,Arbitragem e Competições
Uber,130.17,Transporte atletas para competição,Transportes e Deslocações
Design Studio,217.81,Pagamento de árbitros jogo casa,Arbitragem e Competições
Fixando,402.8,Reparação canalização balneários,Manutenção e Reparações
El Corte Inglés,142.57,Compras supermercado para torneio,Alimentação e Bebidas
Serralharia Norte,386.06,Substituição de equipamentos danificados,Manutenção e Reparações
Deloitte,259.11,Auditoria às contas do exercício,Serviços de Contabilidade
Federação Portuguesa de Andebol,181.48,Serviços de contabilidade mensal,Serviços de Contabilidade
EDP,75.87,Período de faturação: março a abril,Água Luz e Gás
Publico,401.74,Impressão de cartazes e banners,Publicidade e Marketing
MEO,45.39,Fatura telefonia fixa mensal,Comunicações
BDO,173.94,Processamento de salários e recibos verdes,Serviços de Contabilidade
Publico,107.06,Compras supermercado para torneio,Alimentação e Bebidas
KPMG,374.48,Declaração fiscal anual do clube,Serviços de Contabilidade
Endesa,107.84,Fatura de eletricidade mês de março,Água Luz e Gás
Allianz,852.64,Seguro de saúde equipa técnica,Seguros
Agência Criativa,415.18,Publicidade jornal local,Publicidade e Marketing
Galp Energia,119.1,Fornecimento de energia elétrica pavilhão,Água Luz e Gás
Ageas,181.04,Processamento de salários e recibos verdes,Serviços de Contabilidade
Intermarché,92.46,Snacks e lanches concentração,Alimentação e Bebidas
Fnac,772.82,Compra de portátil para escritório,Equipamento Informático
Repsol,86.73,Combustível deslocação a jogo fora,Transportes e Deslocações
TecnoFix,133.44,Manutenção sistema elétrico pavilhão,Manutenção e Reparações
NMedia,297.28,Campanha nas redes sociais,Publicidade e Marketing
BDO,278.05,Serviços de contabilidade mensal,Serviços de Contabilidade
Sport Zone,489.43,Material de proteção e luvas de guarda-redes,Material Desportivo
Fixando,288.25,Substituição de equipamentos danificados,Manutenção e Reparações
BP,88.3,Táxi ou uber após jogo tardio,Transportes e Deslocações
Samsung,1357.42,Monitor e periféricos computador,Equipamento Informático
Design Studio,462.76,Produção de flyers para torneio,Publicidade e Marketing
EPAL,1424.99,Disco externo backup documentos,Equipamento Informático
NMedia,486.14,Design de logótipo do clube,Publicidade e Marketing
Sport Zone,105.87,Táxi ou uber após jogo tardio,Transportes e Deslocações
Asics,217.56,Compra de bolas de andebol,Material Desportivo
Árbitro Silva,73.24,Serviço de internet banda larga,Comunicações
Tranquilidade,592.95,Seguro de equipamentos e material,Seguros
Árbitro Costa,224.68,Inscrição campeonato nacional,Arbitragem e Competições
HP,1780.87,Monitor e periféricos computador,Equipamento Informático
Generali,47.48,Portagens deslocação equipa,Transportes e Deslocações
Águas de Portugal,81.51,Período de faturação: março a abril,Água Luz e Gás
HP,726.27,Webcam e microfone reuniões online,Equipamento Informático
MEO,70.1,Fatura telemóvel treinador,Comunicações
Delegado Ferreira,341.3,Taxa de participação torneio,Arbitragem e Competições
TOC Independente,375.96,Auditoria às contas do exercício,Serviços de Contabilidade
TecnoFix,449.94,Arranjo de portões e vedações,Manutenção e Reparações
Allianz,1205.34,Apólice de seguro responsabilidade civil,Seguros
Electricista Costa,337.09,Reparação balneários instalações,Manutenção e Reparações
BDO,136.23,Serviços de contabilidade mensal,Serviços de Contabilidade
Federação Portuguesa de Andebol,389.6,Taxa de participação torneio,Arbitragem e Competições
Hertz,140.88,Portagens deslocação equipa,Transportes e Deslocações
Worten,1312.94,Impressora para secretaria do clube,Equipamento Informático
Puma,367.02,Compra de sacos de desporto e mochilas,Material Desportivo
NOS,73.73,Serviço de internet banda larga,Comunicações
TOC Independente,382.0,Relatório de contas anual,Serviços de Contabilidade
NOS,77.05,Serviço de internet banda larga,Comunicações
Mercadona,85.86,Snacks e lanches concentração,Alimentação e Bebidas
Vodafone,81.28,Refeições pós-jogo para atletas,Alimentação e Bebidas
Puma,290.03,Sapatos e sapatilhas de andebol,Material Desportivo
NOS,34.78,Pack comunicações sede do clube,Comunicações
Nike,94.43,Material de proteção e luvas de guarda-redes,Material Desportivo
BDO,471.57,Declaração fiscal anual do clube,Serviços de Contabilidade
Serralharia Norte,256.59,Arranjo de portões e vedações,Manutenção e Reparações
Microsoft,933.9,Tablet para gestão de treinos,Equipamento Informático
Serralharia Norte,509.02,Pintura e remodelação escritório,Manutenção e Reparações
Design Studio,74.89,Patrocínio e materiais de merchandising,Publicidade e Marketing
EPAL,110.85,Fatura de energia elétrica e gás,Água Luz e Gás
Puma,492.81,Aquisição de redes para baliza,Material Desportivo
MEO Empresas,82.71,Fatura telefonia fixa mensal,Comunicações
Vodafone,50.5,Pack comunicações sede do clube,Comunicações
Adidas,235.09,Compra de sacos de desporto e mochilas,Material Desportivo
Dell,538.3,Disco externo backup documentos,Equipamento Informático
Mercadona,36.89,Compras supermercado para torneio,Alimentação e Bebidas
Gráfica Central,150.06,Patrocínio e materiais de merchandising,Publicidade e Marketing
BDO,481.71,Serviços de contabilidade mensal,Serviços de Contabilidade
Associação Regional de Andebol,281.48,Honorários árbitro assistente,Arbitragem e Competições
Iberdrola Portugal,80.91,Período de faturação: janeiro a fevereiro,Água Luz e Gás
Electricista Costa,295.63,Reparação canalização balneários,Manutenção e Reparações
EPAL,84.59,Período de faturação: março a abril,Água Luz e Gás
Serralharia Norte,188.46,Serviço de limpeza e manutenção geral,Manutenção e Reparações
Intermarché,16.0,Compras supermercado para torneio,Alimentação e Bebidas
Apple,1458.7,Webcam e microfone reuniões online,Equipamento Informático
Vodafone,72.68,Serviço de internet banda larga,Comunicações
Zurich,1132.65,Apólice de seguro responsabilidade civil,Seguros
FlixBus,8.0,Portagens deslocação equipa,Transportes e Deslocações
Intermarché,265.16,Compras supermercado para torneio,Alimentação e Bebidas
FlixBus,84.45,Combustível deslocação a jogo fora,Transportes e Deslocações
Agência Criativa,324.98,Produção de flyers para torneio,Publicidade e Marketing
Mercadona,275.15,Água e bebidas isotónicas treinos,Alimentação e Bebidas
Federação Portuguesa de Andebol,258.01,Honorários árbitro assistente,Arbitragem e Competições
Sport Zone,157.86,Sapatos e sapatilhas de andebol,Material Desportivo
PricewaterhouseCoopers,571.35,Consultoria financeira gestão associação,Serviços de Contabilidade
NOS,45.69,Mensalidade internet e telefone,Comunicações
Endesa Energia,60.33,Período de faturação: março a abril,Água Luz e Gás
Pinturas Lisboa,293.06,Substituição de equipamentos danificados,Manutenção e Reparações
Pingo Doce,160.37,Refeições pós-jogo para atletas,Alimentação e Bebidas
Lenovo,2145.71,Disco externo backup documentos,Equipamento Informático
Endesa Energia,92.71,Fatura de energia elétrica e gás,Água Luz e Gás
Lenovo,714.27,Impressora para secretaria do clube,Equipamento Informático
FlixBus,793.52,Seguro de saúde equipa técnica,Seguros
Microsoft,755.79,Webcam e microfone reuniões online,Equipamento Informático
Fnac,1008.09,Impressora para secretaria do clube,Equipamento Informático
Galp,160.47,Táxi ou uber após jogo tardio,Transportes e Deslocações
Printmaster,472.13,Campanha nas redes sociais,Publicidade e Marketing
Agência Criativa,254.2,Criação de site e presença online,Publicidade e Marketing
Sport Zone,702.11,Material de proteção e luvas de guarda-redes,Material Desportivo
AXA,534.3,Seguro de saúde equipa técnica,Seguros
Allianz,919.61,Seguro de acidentes pessoais atletas,Seguros
Federação Portuguesa de Andebol,76.15,Snacks e lanches concentração,Alimentação e Bebidas
Zurich,972.17,Seguro de saúde equipa técnica,Seguros
Fidelidade,615.99,Seguro de acidentes pessoais atletas,Seguros
Intermarché,77.17,Compras alimentares para evento desportivo,Alimentação e Bebidas
Delegado Ferreira,264.17,Custos organização jogo oficial,Arbitragem e Competições
KPMG,373.35,Relatório de contas anual,Serviços de Contabilidade
Delegado Ferreira,318.94,Pagamento de árbitros jogo casa,Arbitragem e Competições
EPAL,219.91,Período de faturação: outubro a novembro,Água Luz e Gás
Naturgy,149.92,Período de faturação: janeiro a fevereiro,Água Luz e Gás
Mercadona,242.55,Compras supermercado para torneio,Alimentação e Bebidas
MEO,76.99,Fatura telefonia fixa mensal,Comunicações
Adidas,422.47,Compra de bolas de andebol,Material Desportivo
Árbitro Costa,262.23,Quotas federação portuguesa de andebol,Arbitragem e Competições
Adidas,492.76,Equipamento de treino para atletas,Material Desportivo
Decathlon,390.19,Equipamento de treino para atletas,Material Desportivo
FlixBus,121.04,Bilhetes de comboio campeonato,Transportes e Deslocações
Decathlon,679.3,Equipamento de treino para atletas,Material Desportivo
PricewaterhouseCoopers,368.79,Declaração fiscal anual do clube,Serviços de Contabilidade
Allianz,1100.18,Apólice de seguro responsabilidade civil,Seguros
Continente,210.23,Catering jantar de gala do clube,Alimentação e Bebidas
Nike,338.63,Equipamento de treino para atletas,Material Desportivo
Nike,40.0,Material de proteção e luvas de guarda-redes,Material Desportivo
Uber,127.75,Portagens deslocação equipa,Transportes e Deslocações
Fnac,1544.42,Disco externo backup documentos,Equipamento Informático
TOC Independente,337.99,Serviços de contabilidade mensal,Serviços de Contabilidade
Sport Zone,710.57,Equipamento de treino para atletas,Material Desportivo
MEO Empresas,41.46,Fatura telefonia fixa mensal,Comunicações
Pingo Doce,203.6,Catering jantar de gala do clube,Alimentação e Bebidas
Nike,437.66,Equipamento de treino para atletas,Material Desportivo
Fnac,1779.41,Impressora para secretaria do clube,Equipamento Informático
Generali,807.35,Prémio de seguro anual clube,Seguros
Serralharia Norte,241.93,Reparação balneários instalações,Manutenção e Reparações
Lidl,255.68,Snacks e lanches concentração,Alimentação e Bebidas
FlixBus,120.53,Portagens deslocação equipa,Transportes e Deslocações
Nike,607.91,Sapatos e sapatilhas de andebol,Material Desportivo
Lenovo,874.28,Software de gestão desportiva,Equipamento Informático
El Corte Inglés,213.03,Compras alimentares para evento desportivo,Alimentação e Bebidas
Lenovo,770.11,Disco externo backup documentos,Equipamento Informático
Galp,19.27,Portagens deslocação equipa,Transportes e Deslocações
EPAL,269.62,Fatura de eletricidade mês de março,Água Luz e Gás
Auchan,152.14,Catering jantar de gala do clube,Alimentação e Bebidas
Nike,267.65,Material de proteção e luvas de guarda-redes,Material Desportivo
Intermarché,152.51,Água e bebidas isotónicas treinos,Alimentação e Bebidas
BP,73.53,Aluguer de autocarro para viagem,Transportes e Deslocações
Asics,363.56,Coletes e fatos de treino,Material Desportivo
FlixBus,148.99,Combustível deslocação a jogo fora,Transportes e Deslocações
Repsol,58.51,Táxi ou uber após jogo tardio,Transportes e Deslocações
Pinturas Lisboa,68.94,Pintura e remodelação escritório,Manutenção e Reparações
NOS,71.42,Mensalidade internet e telefone,Comunicações
HP,1155.19,Impressora para secretaria do clube,Equipamento Informático
EPAL,215.76,Fatura de energia elétrica e gás,Água Luz e Gás
ManutençãoPro,468.98,Manutenção sistema elétrico pavilhão,Manutenção e Reparações
CP Comboios,101.86,Bilhetes de comboio campeonato,Transportes e Deslocações
Fnac,786.4,Disco externo backup documentos,Equipamento Informático
Águas de Portugal,148.44,Período de faturação: outubro a novembro,Água Luz e Gás
Agência Criativa,180.68,Consumo de água instalações desportivas,Água Luz e Gás
BP,76.31,Aluguer de autocarro para viagem,Transportes e Deslocações
HP,286.07,Tablet para gestão de treinos,Equipamento Informático
NOS Empresas,70.28,Serviço de internet banda larga,Comunicações
Hertz,58.57,Bilhetes de comboio campeonato,Transportes e Deslocações
Fixando,144.82,Manutenção sistema elétrico pavilhão,Manutenção e Reparações
Fnac,1717.5,Compra de portátil para escritório,Equipamento Informático
Águas de Portugal,152.02,Período de faturação: janeiro a fevereiro,Água Luz e Gás
Galp,141.62,Aluguer de autocarro para viagem,Transportes e Deslocações
Adidas,52.33,Compra de bolas de andebol,Material Desportivo
Ageas,808.58,Prémio de seguro anual clube,Seguros
Decathlon,221.45,Manutenção sistema elétrico pavilhão,Manutenção e Reparações
Uber,144.7,Portagens deslocação equipa,Transportes e Deslocações
Worten,1346.04,Compra de portátil para escritório,Equipamento Informático
Galp,152.8,Aluguer de autocarro para viagem,Transportes e Deslocações
Sport Zone,327.82,Sapatos e sapatilhas de andebol,Material Desportivo
Federação Portuguesa de Andebol,135.64,Taxa de participação torneio,Arbitragem e Competições
Gráfica Central,348.62,Impressão de cartazes e banners,Publicidade e Marketing
Deloitte,429.05,Declaração fiscal anual do clube,Serviços de Contabilidade
Design Studio,311.69,Impressão de cartazes e banners,Publicidade e Marketing
NOWO,80.65,Serviço de internet banda larga,Comunicações
PricewaterhouseCoopers,372.21,Consultoria financeira gestão associação,Serviços de Contabilidade
MEO,27.75,Plano de dados móveis equipa técnica,Comunicações
NMedia,356.19,Design de logótipo do clube,Publicidade e Marketing
Samsung,1712.06,Compra de portátil para escritório,Equipamento Informático
Galp,109.11,Táxi ou uber após jogo tardio,Transportes e Deslocações
Samsung,1545.0,Disco externo backup documentos,Equipamento Informático
Intermarché,47.55,Compras alimentares para evento desportivo,Alimentação e Bebidas
Vodafone,146.38,Bilhetes de comboio campeonato,Transportes e Deslocações
Deloitte,304.55,Relatório de contas anual,Serviços de Contabilidade
El Corte Inglés,255.8,Compras alimentares para evento desportivo,Alimentação e Bebidas
Tranquilidade,80.0,Seguro de equipamentos e material,Seguros
Gráfica Central,186.07,Produção de flyers para torneio,Publicidade e Marketing
Publico,288.22,Reparação balneários instalações,Manutenção e Reparações
Electricista Costa,135.18,Honorários árbitro assistente,Arbitragem e Competições
EPAL,290.94,Período de faturação: janeiro a fevereiro,Água Luz e Gás
El Corte Inglés,221.71,Snacks e lanches concentração,Alimentação e Bebidas
Endesa,112.13,Consumo de eletricidade pavilhão desportivo,Água Luz e Gás
Electricista Costa,224.03,Reparação balneários instalações,Manutenção e Reparações
NOS Empresas,61.29,Plano de dados móveis equipa técnica,Comunicações
Publico,398.1,Design de logótipo do clube,Publicidade e Marketing
AXA,1105.31,Seguro de saúde equipa técnica,Seguros
Samsung,1341.25,Monitor e periféricos computador,Equipamento Informático
Fnac,849.85,Software de gestão desportiva,Equipamento Informático
Iberdrola,218.39,Fatura de eletricidade mês de março,Água Luz e Gás
TecnoFix,467.99,Arranjo de portões e vedações,Manutenção e Reparações
AXA,913.46,Prémio de seguro anual clube,Seguros
TOC Independente,341.23,Processamento de salários e recibos verdes,Serviços de Contabilidade
TOC Independente,388.48,Auditoria às contas do exercício,Serviços de Contabilidade
CP Comboios,77.6,Táxi ou uber após jogo tardio,Transportes e Deslocações
KPMG,261.96,Serviços de contabilidade mensal,Serviços de Contabilidade
Samsung,1309.66,Impressora para secretaria do clube,Equipamento Informático
EDP Comercial,109.6,Período de faturação: outubro a novembro,Água Luz e Gás
Puma,1256.92,Apólice de seguro responsabilidade civil,Seguros
Mercadona,200.36,Água e bebidas isotónicas treinos,Alimentação e Bebidas
EPAL,103.62,Fatura de eletricidade mês de março,Água Luz e Gás
Agência Criativa,330.05,Impressão de cartazes e banners,Publicidade e Marketing
Árbitro Silva,200.71,Coletes e fatos de treino,Material Desportivo
Dell,2004.97,Impressora para secretaria do clube,Equipamento Informático
Deloitte,562.06,Declaração fiscal anual do clube,Serviços de Contabilidade
Tranquilidade,834.19,Seguro de equipamentos e material,Seguros
Gráfica Central,397.79,Impressão de cartazes e banners,Publicidade e Marketing
Delegado Ferreira,216.66,Custos organização jogo oficial,Arbitragem e Competições
Intersport,337.68,Compra de bolas de andebol,Material Desportivo
Hertz,83.18,Combustível deslocação a jogo fora,Transportes e Deslocações
Árbitro Silva,246.29,Pagamento de árbitros jogo casa,Arbitragem e Competições
CP Comboios,92.18,Combustível viagem torneio nacional,Transportes e Deslocações
Zurich,729.23,Seguro de acidentes pessoais atletas,Seguros
Tranquilidade,687.51,Seguro de saúde equipa técnica,Seguros
Vodafone,60.2,Mensalidade internet e telefone,Comunicações
Serralharia Norte,427.16,Reparação balneários instalações,Manutenção e Reparações
Mercadona,87.53,Compras supermercado para torneio,Alimentação e Bebidas
Delegado Ferreira,57.71,Plano de dados móveis equipa técnica,Comunicações
Zurich,337.92,Seguro de acidentes pessoais atletas,Seguros
NOS Empresas,31.4,Pack comunicações sede do clube,Comunicações
Intersport,721.1,Compra de bolas de andebol,Material Desportivo
Vodafone,29.61,Fatura telemóvel treinador,Comunicações
Generali,485.96,Apólice de seguro responsabilidade civil,Seguros
Árbitro Silva,165.82,Quotas federação portuguesa de andebol,Arbitragem e Competições
EDP,177.46,Consumo de eletricidade pavilhão desportivo,Água Luz e Gás
Iberdrola Portugal,62.75,Fatura de eletricidade mês de março,Água Luz e Gás
Sport Zone,473.95,Aquisição de redes para baliza,Material Desportivo
Associação Regional de Andebol,203.37,Inscrição campeonato nacional,Arbitragem e Competições
Auchan,209.81,Compras alimentares para evento desportivo,Alimentação e Bebidas
Intersport,325.67,Coletes e fatos de treino,Material Desportivo
Zurich,748.53,Seguro de saúde equipa técnica,Seguros
FlixBus,107.28,Bilhetes de comboio campeonato,Transportes e Deslocações
Lidl,63.39,Refeições pós-jogo para atletas,Alimentação e Bebidas
Samsung,1165.97,Compra de portátil para escritório,Equipamento Informático
Auchan,107.61,Catering jantar de gala do clube,Alimentação e Bebidas
Worten,564.5,Campanha nas redes sociais,Publicidade e Marketing
Apple,772.66,Software de gestão desportiva,Equipamento Informático
Design Studio,217.49,Design de logótipo do clube,Publicidade e Marketing
Árbitro Silva,386.58,Quotas federação portuguesa de andebol,Arbitragem e Competições
Árbitro Silva,278.19,Inscrição campeonato nacional,Arbitragem e Competições
BDO,153.72,Declaração fiscal anual do clube,Serviços de Contabilidade
Design Studio,234.39,Criação de site e presença online,Publicidade e Marketing
ManutençãoPro,391.74,Serviço de limpeza e manutenção geral,Manutenção e Reparações
Electricista Costa,305.71,Manutenção sistema elétrico pavilhão,Manutenção e Reparações
Dell,588.88,Software de gestão desportiva,Equipamento Informático
Generali,881.22,Seguro de equipamentos e material,Seguros
Serralharia Norte,227.21,Serviço de limpeza e manutenção geral,Manutenção e Reparações
Puma,101.58,Compra de sacos de desporto e mochilas,Material Desportivo
Delegado Ferreira,263.5,Taxa de participação torneio,Arbitragem e Competições
PricewaterhouseCoopers,409.07,Relatório de contas anual,Serviços de Contabilidade
NOS,39.51,Mensalidade internet e telefone,Comunicações
Gráfica Central,213.86,Publicidade jornal local,Publicidade e Marketing
Pingo Doce,119.69,Catering jantar de gala do clube,Alimentação e Bebidas
Contabilidade Silva & Associados,273.56,Relatório de contas anual,Serviços de Contabilidade
Águas de Portugal,220.49,Consumo de água instalações desportivas,Água Luz e Gás
Electricista Costa,274.03,Substituição de equipamentos danificados,Manutenção e Reparações
EPAL,185.35,Período de faturação: outubro a novembro,Água Luz e Gás
Samsung,820.16,Disco externo backup documentos,Equipamento Informático
EPAL,175.38,Fatura de eletricidade mês de março,Água Luz e Gás
MEO,52.29,Serviço de internet banda larga,Comunicações
Intermarché,238.37,Água e bebidas isotónicas treinos,Alimentação e Bebidas
FlixBus,128.79,Bilhetes de comboio campeonato,Transportes e Deslocações
Apple,635.83,Disco externo backup documentos,Equipamento Informático
Pinturas Lisboa,143.26,Fatura de eletricidade mês de março,Água Luz e Gás
Federação Portuguesa de Andebol,198.07,Inscrição campeonato nacional,Arbitragem e Competições
Galp,81.86,Bilhetes de comboio campeonato,Transportes e Deslocações
Iberdrola Portugal,64.13,Bilhetes de comboio campeonato,Transportes e Deslocações
Hertz,81.84,Transporte atletas para competição,Transportes e Deslocações
Gráfica Central,276.57,Publicidade jornal local,Publicidade e Marketing
Auchan,144.53,Compras supermercado para torneio,Alimentação e Bebidas
MEO Empresas,50.14,Pack comunicações sede do clube,Comunicações
Ageas,622.57,Seguro de equipamentos e material,Seguros
EDP Comercial,159.97,Período de faturação: janeiro a fevereiro,Água Luz e Gás
Gráfica Central,356.65,Design de logótipo do clube,Publicidade e Marketing
FlixBus,85.27,Combustível deslocação a jogo fora,Transportes e Deslocações
TecnoFix,30.21,Pintura e remodelação escritório,Manutenção e Reparações
Decathlon,526.73,Equipamento de treino para atletas,Material Desportivo
Delegado Ferreira,164.46,Pagamento de árbitros jogo casa,Arbitragem e Competições
Mercadona,1096.52,Webcam e microfone reuniões online,Equipamento Informático
NOS,77.99,Serviço de internet banda larga,Comunicações
Fnac,1595.03,Tablet para gestão de treinos,Equipamento Informático
Contabilidade Silva & Associados,345.63,Serviços de contabilidade mensal,Serviços de Contabilidade
Endesa,134.86,Fornecimento de energia elétrica pavilhão,Água Luz e Gás
BP,63.96,Portagens deslocação equipa,Transportes e Deslocações
HP,1133.29,Software de gestão desportiva,Equipamento Informático
Auchan,85.27,Água e bebidas isotónicas treinos,Alimentação e Bebidas
Worten,619.23,Webcam e microfone reuniões online,Equipamento Informático
Sport Zone,57.56,Material de proteção e luvas de guarda-redes,Material Desportivo
Endesa Energia,207.23,Fornecimento de energia elétrica pavilhão,Água Luz e Gás
Pinturas Lisboa,24.0,Substituição de equipamentos danificados,Manutenção e Reparações
Serralharia Norte,305.71,Substituição de equipamentos danificados,Manutenção e Reparações
Lidl,208.02,Compras supermercado para torneio,Alimentação e Bebidas
HP,348.61,Período de faturação: janeiro a fevereiro,Água Luz e Gás
Delegado Ferreira,216.32,Inscrição campeonato nacional,Arbitragem e Competições
ManutençãoPro,372.67,Serviço de limpeza e manutenção geral,Manutenção e Reparações
TecnoFix,222.41,Pintura e remodelação escritório,Manutenção e Reparações
Dell,938.74,Disco externo backup documentos,Equipamento Informático
TecnoFix,119.89,Consultoria financeira gestão associação,Serviços de Contabilidade
TOC Independente,411.66,Declaração fiscal anual do clube,Serviços de Contabilidade
Rentalhas,95.36,Combustível viagem torneio nacional,Transportes e Deslocações
MEO,63.73,Plano de dados móveis equipa técnica,Comunicações
CP Comboios,64.63,Táxi ou uber após jogo tardio,Transportes e Deslocações
Printmaster,444.2,Criação de site e presença online,Publicidade e Marketing
Puma,606.62,Compra de bolas de andebol,Material Desportivo
KPMG,407.4,Serviços de contabilidade mensal,Serviços de Contabilidade
Árbitro Costa,219.25,Taxa de participação torneio,Arbitragem e Competições
Asics,335.15,Sapatos e sapatilhas de andebol,Material Desportivo
Gráfica Central,213.48,Publicidade jornal local,Publicidade e Marketing
AXA,48.21,Plano de dados móveis equipa técnica,Comunicações
Tranquilidade,1018.44,Seguro de saúde equipa técnica,Seguros
Fixando,326.43,Reparação balneários instalações,Manutenção e Reparações
Contabilidade Silva & Associados,427.73,Serviços de contabilidade mensal,Serviços de Contabilidade
Vodafone,32.45,Fatura telefonia fixa mensal,Comunicações
Printmaster,246.32,Design de logótipo do clube,Publicidade e Marketing
Auchan,278.1,Snacks e lanches concentração,Alimentação e Bebidas
Lidl,84.29,Água e bebidas isotónicas treinos,Alimentação e Bebidas
Lenovo,626.74,Disco externo backup documentos,Equipamento Informático
Delegado Ferreira,190.58,Custos organização jogo oficial,Arbitragem e Competições
HP,264.97,Custos organização jogo oficial,Arbitragem e Competições
Publico,40.0,Patrocínio e materiais de merchandising,Publicidade e Marketing
Lidl,268.58,Compras supermercado para torneio,Alimentação e Bebidas
Águas de Portugal,218.13,Água e saneamento mês de janeiro,Água Luz e Gás
Árbitro Costa,255.8,Quotas federação portuguesa de andebol,Arbitragem e Competições
Hertz,89.51,Transporte atletas para competição,Transportes e Deslocações
Puma,381.1,Material de proteção e luvas de guarda-redes,Material Desportivo
Serralharia Norte,429.42,Arranjo de portões e vedações,Manutenção e Reparações
BDO,142.38,Auditoria às contas do exercício,Serviços de Contabilidade
Agência Criativa,134.25,Patrocínio e materiais de merchandising,Publicidade e Marketing
Delegado Ferreira,123.64,Inscrição campeonato nacional,Arbitragem e Competições
MEO,174.24,Snacks e lanches concentração,Alimentação e Bebidas
Deloitte,478.64,Relatório de contas anual,Serviços de Contabilidade
Ageas,944.53,Prémio de seguro anual clube,Seguros
Mercadona,228.01,Compras alimentares para evento desportivo,Alimentação e Bebidas
Endesa,141.87,Consumo de eletricidade pavilhão desportivo,Água Luz e Gás
Intermarché,539.69,Material de proteção e luvas de guarda-redes,Material Desportivo
MEO,46.76,Plano de dados móveis equipa técnica,Comunicações
Printmaster,150.52,Impressão de cartazes e banners,Publicidade e Marketing
NOS,64.33,Serviço de internet banda larga,Comunicações
Electricista Costa,206.98,Reparação balneários instalações,Manutenção e Reparações
Federação Portuguesa de Andebol,176.09,Custos organização jogo oficial,Arbitragem e Competições
Agência Criativa,355.21,Design de logótipo do clube,Publicidade e Marketing
Decathlon,352.8,Compra de sacos de desporto e mochilas,Material Desportivo
Iberdrola,95.31,Serviço de internet banda larga,Comunicações
MEO,53.31,Plano de dados móveis equipa técnica,Comunicações
Design Studio,360.16,Impressão de cartazes e banners,Publicidade e Marketing
KPMG,242.71,Consultoria financeira gestão associação,Serviços de Contabilidade
Fixando,441.34,Reparação canalização balneários,Manutenção e Reparações
Endesa Energia,163.21,Período de faturação: março a abril,Água Luz e Gás
Águas de Portugal,180.35,Fatura de eletricidade mês de março,Água Luz e Gás
MEO Empresas,61.4,Plano de dados móveis equipa técnica,Comunicações
Contabilidade Silva & Associados,281.89,Consultoria financeira gestão associação,Serviços de Contabilidade
FlixBus,8.0,Transporte atletas para competição,Transportes e Deslocações
Delegado Ferreira,322.76,Custos organização jogo oficial,Arbitragem e Competições
Ageas,48.0,Plano de dados móveis equipa técnica,Comunicações
Uber,97.61,Combustível viagem torneio nacional,Transportes e Deslocações
Apple,2221.96,Webcam e microfone reuniões online,Equipamento Informático
NOS,70.3,Plano de dados móveis equipa técnica,Comunicações
NOS,61.64,Mensalidade internet e telefone,Comunicações
Mercadona,159.44,Água e bebidas isotónicas treinos,Alimentação e Bebidas
KPMG,262.1,Relatório de contas anual,Serviços de Contabilidade
Gráfica Central,16.0,Serviço de internet banda larga,Comunicações
Electricista Costa,351.09,Serviço de limpeza e manutenção geral,Manutenção e Reparações
Lidl,91.0,Água e bebidas isotónicas treinos,Alimentação e Bebidas
Árbitro Costa,91.52,Quotas federação portuguesa de andebol,Arbitragem e Competições
Pinturas Lisboa,79.77,Arranjo de portões e vedações,Manutenção e Reparações
Asics,383.81,Compra de bolas de andebol,Material Desportivo
TOC Independente,227.7,Serviços de contabilidade mensal,Serviços de Contabilidade
Associação Regional de Andebol,86.41,Inscrição campeonato nacional,Arbitragem e Competições
NOS Empresas,67.14,Serviço de internet banda larga,Comunicações
Decathlon,368.54,Aquisição de redes para baliza,Material Desportivo
Vodafone,66.15,Fatura telemóvel treinador,Comunicações
NOS Empresas,72.59,Plano de dados móveis equipa técnica,Comunicações
Deloitte,189.95,Serviços de contabilidade mensal,Serviços de Contabilidade
Fnac,1637.18,Disco externo backup documentos,Equipamento Informático
BDO,319.06,Declaração fiscal anual do clube,Serviços de Contabilidade
MEO,68.1,Plano de dados móveis equipa técnica,Comunicações
BP,64.34,Transporte atletas para competição,Transportes e Deslocações
Rentalhas,118.76,Transporte atletas para competição,Transportes e Deslocações
TOC Independente,345.3,Consultoria financeira gestão associação,Serviços de Contabilidade
Associação Regional de Andebol,140.39,Taxa de participação torneio,Arbitragem e Competições
Pinturas Lisboa,353.32,Criação de site e presença online,Publicidade e Marketing
ManutençãoPro,373.64,Reparação canalização balneários,Manutenção e Reparações
TecnoFix,323.05,Reparação balneários instalações,Manutenção e Reparações
Uber,82.31,Combustível viagem torneio nacional,Transportes e Deslocações
Design Studio,443.3,Design de logótipo do clube,Publicidade e Marketing
Pingo Doce,297.53,Compras alimentares para evento desportivo,Alimentação e Bebidas
NMedia,268.75,Criação de site e presença online,Publicidade e Marketing
Galp,184.63,Transporte atletas para competição,Transportes e Deslocações
Rentalhas,74.09,Aluguer de autocarro para viagem,Transportes e Deslocações
Generali,1441.01,Seguro de acidentes pessoais atletas,Seguros
Delegado Ferreira,46.35,Taxa de participação torneio,Arbitragem e Competições
BP,51.34,Portagens deslocação equipa,Transportes e Deslocações
BDO,327.0,Relatório de contas anual,Serviços de Contabilidade
PricewaterhouseCoopers,481.13,Relatório de contas anual,Serviços de Contabilidade
Árbitro Costa,301.34,Taxa de participação torneio,Arbitragem e Competições
AXA,793.34,Apólice de seguro responsabilidade civil,Seguros
TecnoFix,399.98,Manutenção sistema elétrico pavilhão,Manutenção e Reparações
Deloitte,279.69,Auditoria às contas do exercício,Serviços de Contabilidade
Delegado Ferreira,291.54,Inscrição campeonato nacional,Arbitragem e Competições
Gráfica Central,286.97,Criação de site e presença online,Publicidade e Marketing
El Corte Inglés,205.18,Snacks e lanches concentração,Alimentação e Bebidas
NOS Empresas,91.72,Serviço de internet banda larga,Comunicações
Iberdrola Portugal,126.77,Período de faturação: março a abril,Água Luz e Gás
Árbitro Silva,351.01,Pagamento de árbitros jogo casa,Arbitragem e Competições
Electricista Costa,279.1,Manutenção sistema elétrico pavilhão,Manutenção e Reparações
HP,1000.89,Compra de portátil para escritório,Equipamento Informático
Pingo Doce,168.1,Compras alimentares para evento desportivo,Alimentação e Bebidas
Apple,1265.07,Monitor e periféricos computador,Equipamento Informático
Ageas,723.81,Apólice de seguro responsabilidade civil,Seguros
Fnac,1254.82,Impressora para secretaria do clube,Equipamento Informático
NMedia,245.8,Criação de site e presença online,Publicidade e Marketing
Delegado Ferreira,336.86,Inscrição campeonato nacional,Arbitragem e Competições
Decathlon,175.97,Compra de bolas de andebol,Material Desportivo
Zurich,485.55,Seguro de saúde equipa técnica,Seguros
MEO Empresas,81.78,Pack comunicações sede do clube,Comunicações
Adidas,577.35,Coletes e fatos de treino,Material Desportivo
Pingo Doce,87.39,Água e bebidas isotónicas treinos,Alimentação e Bebidas
AXA,1061.55,Apólice de seguro responsabilidade civil,Seguros
PricewaterhouseCoopers,340.7,Relatório de contas anual,Serviços de Contabilidade
Allianz,725.29,Renovação seguro instalações desportivas,Seguros
Delegado Ferreira,220.83,Quotas federação portuguesa de andebol,Arbitragem e Competições
Iberdrola Portugal,192.27,Período de faturação: outubro a novembro,Água Luz e Gás
Lidl,202.99,Catering jantar de gala do clube,Alimentação e Bebidas
Hertz,173.47,Bilhetes de comboio campeonato,Transportes e Deslocações
Federação Portuguesa de Andebol,165.41,Quotas federação portuguesa de andebol,Arbitragem e Competições
Sport Zone,618.31,Equipamento de treino para atletas,Material Desportivo
Printmaster,84.6,Impressão de cartazes e banners,Publicidade e Marketing
Lenovo,1604.65,Disco externo backup documentos,Equipamento Informático
Vodafone,50.56,Fatura telemóvel treinador,Comunicações
Gráfica Central,380.26,Patrocínio e materiais de merchandising,Publicidade e Marketing
KPMG,231.33,Consultoria financeira gestão associação,Serviços de Contabilidade
Asics,579.23,Material de proteção e luvas de guarda-redes,Material Desportivo
Federação Portuguesa de Andebol,298.56,Honorários árbitro assistente,Arbitragem e Competições
Gráfica Central,148.38,Campanha nas redes sociais,Publicidade e Marketing
ManutençãoPro,188.98,Reparação canalização balneários,Manutenção e Reparações
TecnoFix,260.48,Reparação balneários instalações,Manutenção e Reparações
Electricista Costa,291.37,Pintura e remodelação escritório,Manutenção e Reparações
Agência Criativa,354.98,Patrocínio e materiais de merchandising,Publicidade e Marketing
NMedia,306.5,Publicidade jornal local,Publicidade e Marketing
Apple,813.18,Impressora para secretaria do clube,Equipamento Informático
Ageas,826.53,Seguro de saúde equipa técnica,Seguros
Publico,244.75,Impressão de cartazes e banners,Publicidade e Marketing
NMedia,41.74,Produção de flyers para torneio,Publicidade e Marketing
MEO Empresas,56.96,Pack comunicações sede do clube,Comunicações
ManutençãoPro,186.08,Serviço de limpeza e manutenção geral,Manutenção e Reparações
Allianz,841.06,Seguro de equipamentos e material,Seguros
Delegado Ferreira,181.07,Inscrição campeonato nacional,Arbitragem e Competições
TecnoFix,60.58,Pintura e remodelação escritório,Manutenção e Reparações
